{
  "mappings": [
    {
      "priority": 1,
      "request": {
        "method": "OPTIONS",
        "url": "/api/museum/3b785453-0d5b-4328-8380-5f226cb4dd5a",
        "headers": {
          "Access-Control-Request-Method": {
            "contains": "GET"
          }
        }
      },
      "response": {
        "status": 200,
        "headers": {
          "Access-Control-Allow-Credentials": "true",
          "Access-Control-Allow-Headers": "authorization, content-type",
          "Access-Control-Allow-Methods": "GET",
          "Access-Control-Allow-Origin": "http://127.0.0.1:3000"
        }
      }
    },
    {
      "priority": 2,
      "request": {
        "method": "OPTIONS",
        "url": "/api/museum/457fa929-4aa6-4772-86e6-57382d212144",
        "headers": {
          "Access-Control-Request-Method": {
            "contains": "GET"
          }
        }
      },
      "response": {
        "status": 200,
        "headers": {
          "Access-Control-Allow-Credentials": "true",
          "Access-Control-Allow-Headers": "authorization, content-type",
          "Access-Control-Allow-Methods": "GET",
          "Access-Control-Allow-Origin": "http://127.0.0.1:3000"
        }
      }
    }
  ]
}
