{
  "mappings": [
    {
      "priority": 1,
      "request": {
        "method": "OPTIONS",
        "url": "/api/painting?size=9&page=0",
        "headers": {
          "Access-Control-Request-Method": {
            "contains": "GET"
          }
        }
      },
      "response": {
        "status": 200,
        "headers": {
          "Access-Control-Allow-Credentials": "true",
          "Access-Control-Allow-Headers": "authorization, content-type",
          "Access-Control-Allow-Methods": "GET",
          "Access-Control-Allow-Origin": "http://127.0.0.1:3000"
        }
      }
    },
    {
      "priority": 2,
      "request": {
        "method": "OPTIONS",
        "url": "/api/painting?title=female",
        "headers": {
          "Access-Control-Request-Method": {
            "contains": "GET"
          }
        }
      },
      "response": {
        "status": 200,
        "headers": {
          "Access-Control-Allow-Credentials": "true",
          "Access-Control-Allow-Headers": "authorization, content-type",
          "Access-Control-Allow-Methods": "GET",
          "Access-Control-Allow-Origin": "http://127.0.0.1:3000"
        }
      }
    },
    {
      "priority": 3,
      "request": {
        "method": "OPTIONS",
        "url": "/api/painting?title=female%20nude",
        "headers": {
          "Access-Control-Request-Method": {
            "contains": "GET"
          }
        }
      },
      "response": {
        "status": 200,
        "headers": {
          "Access-Control-Allow-Credentials": "true",
          "Access-Control-Allow-Headers": "authorization, content-type",
          "Access-Control-Allow-Methods": "GET",
          "Access-Control-Allow-Origin": "http://127.0.0.1:3000"
        }
      }
    },
    {
      "priority": 4,
      "request": {
        "method": "OPTIONS",
        "url": "/api/painting?title=%D0%BD%D0%B0%D0%B4%20%D0%B2%D0%B5%D1%87%D0%BD%D1%8B%D0%BC%20%D0%BF%D0%BE%D0%BA%D0%BE%D0%B5%D0%BC",
        "headers": {
          "Access-Control-Request-Method": {
            "contains": "GET"
          }
        }
      },
      "response": {
        "status": 200,
        "headers": {
          "Access-Control-Allow-Credentials": "true",
          "Access-Control-Allow-Headers": "authorization, content-type",
          "Access-Control-Allow-Methods": "GET",
          "Access-Control-Allow-Origin": "http://127.0.0.1:3000"
        }
      }
    }
  ]
}
